date,reference_source,symbol,open,high,low,close,range_pips,close_change_pips,abs_close_change_pips,body_size_pips,body_pct_of_range,candle_direction,break_previous_high,break_previous_low,week_high_so_far,week_low_so_far,previous_week_high,previous_week_low,range_ytd_rank,abs_close_move_ytd_rank,ytd_observation_count,is_event_date,is_prior_20_window,prior_20_observation_count,prior_20_avg_range_pips,prior_20_median_range_pips,prior_20_max_range_pips,range_vs_prior_20_avg,range_vs_prior_20_median,range_vs_prior_20_max
2026-01-02,FXCM,USDJPY,156.852,157.00199999999998,156.56099999999998,156.80499999999998,44.10000000000025,-4.700000000002547,4.700000000002547,4.700000000002547,0.10657596371887801,DOWN,True,False,157.00199999999998,155.744,157.709,155.553,131,140,150,False,False,20,73.36499999999987,62.10000000000093,197.79999999999802,,,
2026-01-05,FXCM,USDJPY,156.697,157.29899999999998,156.11499999999998,156.33499999999998,118.39999999999975,-46.999999999999886,46.999999999999886,36.20000000000232,0.30574324324326346,DOWN,True,True,157.29899999999998,156.11499999999998,157.00199999999998,155.744,38,55,150,False,False,20,73.36499999999987,62.10000000000093,197.79999999999802,,,
2026-01-06,FXCM,USDJPY,156.33499999999998,156.796,156.164,156.596,63.2000000000005,26.10000000000241,26.10000000000241,26.10000000000241,0.41297468354433864,UP,False,False,157.29899999999998,156.11499999999998,157.00199999999998,155.744,97,82,150,False,False,20,73.36499999999987,62.10000000000093,197.79999999999802,,,
2026-01-07,FXCM,USDJPY,156.596,156.809,156.29299999999998,156.744,51.600000000001955,14.799999999999613,14.799999999999613,14.799999999999613,0.2868217054263382,UP,True,False,157.29899999999998,156.11499999999998,157.00199999999998,155.744,121,113,150,False,False,20,73.36499999999987,62.10000000000093,197.79999999999802,,,
2026-01-08,FXCM,USDJPY,156.744,157.072,156.458,156.82899999999998,61.40000000000043,8.499999999997954,8.499999999997954,8.499999999997954,0.13843648208465625,UP,True,False,157.29899999999998,156.11499999999998,157.00199999999998,155.744,99,128,150,False,False,20,73.36499999999987,62.10000000000093,197.79999999999802,,,
2026-01-09,FXCM,USDJPY,156.82899999999998,158.18699999999998,156.757,157.91799999999998,142.99999999999784,108.89999999999986,108.89999999999986,108.89999999999986,0.761538461538472,UP,True,False,158.18699999999998,156.11499999999998,157.00199999999998,155.744,25,19,150,False,False,20,73.36499999999987,62.10000000000093,197.79999999999802,,,
2026-01-12,FXCM,USDJPY,158.072,158.206,157.515,158.128,69.10000000000025,21.000000000000796,21.000000000000796,5.599999999998317,0.08104196816205929,UP,True,False,158.206,157.515,158.18699999999998,156.11499999999998,91,94,150,False,False,20,73.36499999999987,62.10000000000093,197.79999999999802,,,
2026-01-13,FXCM,USDJPY,158.128,159.19,157.89399999999998,159.063,129.60000000000207,93.50000000000023,93.50000000000023,93.50000000000023,0.7214506172839409,UP,True,False,159.19,157.515,158.18699999999998,156.11499999999998,31,22,150,False,False,20,73.36499999999987,62.10000000000093,197.79999999999802,,,
2026-01-14,FXCM,USDJPY,159.063,159.45399999999998,158.094,158.427,135.99999999999852,-63.59999999999957,63.59999999999957,63.59999999999957,0.4676470588235313,DOWN,True,False,159.45399999999998,157.515,158.18699999999998,156.11499999999998,27,41,150,False,False,20,73.36499999999987,62.10000000000093,197.79999999999802,,,
2026-01-15,FXCM,USDJPY,158.427,158.879,158.179,158.632,69.99999999999886,20.50000000000125,20.50000000000125,20.50000000000125,0.29285714285716546,UP,False,False,159.45399999999998,157.515,158.18699999999998,156.11499999999998,89,99,150,False,False,20,73.36499999999987,62.10000000000093,197.79999999999802,,,
2026-01-16,FXCM,USDJPY,158.632,158.703,157.81699999999998,158.066,88.60000000000241,-56.60000000000025,56.60000000000025,56.60000000000025,0.6388261851015656,DOWN,False,True,159.45399999999998,157.515,158.18699999999998,156.11499999999998,61,45,150,False,False,20,73.36499999999987,62.10000000000093,197.79999999999802,,,
2026-01-19,FXCM,USDJPY,157.757,158.165,157.42499999999998,158.135,74.00000000000091,6.89999999999884,6.89999999999884,37.79999999999859,0.5108108108107855,UP,False,True,158.165,157.42499999999998,159.45399999999998,157.515,83,133,150,False,False,20,73.36499999999987,62.10000000000093,197.79999999999802,,,
2026-01-20,FXCM,USDJPY,158.135,158.60399999999998,157.463,158.114,114.09999999999911,-2.0999999999986585,2.0999999999986585,2.0999999999986585,0.01840490797544851,DOWN,True,False,158.60399999999998,157.42499999999998,159.45399999999998,157.515,40,144,150,False,False,20,73.36499999999987,62.10000000000093,197.79999999999802,,,
2026-01-21,FXCM,USDJPY,158.114,158.535,157.747,158.239,78.79999999999825,12.5,12.5,12.5,0.158629441624369,UP,False,False,158.60399999999998,157.42499999999998,159.45399999999998,157.515,78,116,150,False,False,20,73.36499999999987,62.10000000000093,197.79999999999802,,,
2026-01-22,FXCM,USDJPY,158.239,158.89399999999998,158.179,158.33599999999998,71.4999999999975,9.699999999997999,9.699999999997999,9.699999999997999,0.13566433566431244,UP,True,False,158.89399999999998,157.42499999999998,159.45399999999998,157.515,88,125,150,False,False,20,73.36499999999987,62.10000000000093,197.79999999999802,,,
2026-01-23,FXCM,USDJPY,158.33599999999998,159.225,155.6,155.741,362.5,-259.49999999999704,259.49999999999704,259.49999999999704,0.7158620689655091,DOWN,True,True,159.225,155.6,159.45399999999998,157.515,3,3,150,False,False,20,73.36499999999987,62.10000000000093,197.79999999999802,,,
2026-01-26,FXCM,USDJPY,154.635,155.344,153.302,154.135,204.20000000000016,-160.6000000000023,160.6000000000023,50.0,0.24485798237022507,DOWN,False,True,155.344,153.302,159.225,155.6,10,7,150,False,False,20,73.36499999999987,62.10000000000093,197.79999999999802,,,
2026-01-27,FXCM,USDJPY,154.135,154.878,152.09199999999998,152.165,278.60000000000014,-196.9999999999999,196.9999999999999,196.9999999999999,0.7071069633883696,DOWN,False,True,155.344,152.09199999999998,159.225,155.6,5,5,150,False,False,20,73.36499999999987,62.10000000000093,197.79999999999802,,,
2026-01-28,FXCM,USDJPY,152.165,154.045,152.141,153.39999999999998,190.39999999999964,123.49999999999852,123.49999999999852,123.49999999999852,0.6486344537815061,UP,False,False,155.344,152.09199999999998,159.225,155.6,14,16,150,False,False,20,73.36499999999987,62.10000000000093,197.79999999999802,,,
2026-01-29,FXCM,USDJPY,153.39999999999998,153.53699999999998,152.679,153.078,85.79999999999757,-32.19999999999743,32.19999999999743,32.19999999999743,0.375291375291356,DOWN,False,False,155.344,152.09199999999998,159.225,155.6,66,72,150,False,False,20,73.36499999999987,62.10000000000093,197.79999999999802,,,
2026-01-30,FXCM,USDJPY,153.078,154.79399999999998,152.863,154.75,193.09999999999832,167.1999999999997,167.1999999999997,167.1999999999997,0.86587260486795,UP,True,False,155.344,152.09199999999998,159.225,155.6,13,6,150,False,False,20,73.36499999999987,62.10000000000093,197.79999999999802,,,
2026-02-02,FXCM,USDJPY,154.846,155.785,154.548,155.59699999999998,123.69999999999948,84.699999999998,84.699999999998,75.09999999999764,0.6071139854486496,UP,True,False,155.785,154.548,155.344,152.09199999999998,34,25,150,False,False,20,73.36499999999987,62.10000000000093,197.79999999999802,,,
2026-02-03,FXCM,USDJPY,155.59699999999998,156.084,155.291,155.70999999999998,79.30000000000064,11.299999999999955,11.299999999999955,11.299999999999955,0.14249684741487847,UP,True,False,156.084,154.548,155.344,152.09199999999998,77,120,150,False,False,20,73.36499999999987,62.10000000000093,197.79999999999802,,,
2026-02-04,FXCM,USDJPY,155.70999999999998,156.94799999999998,155.688,156.81199999999998,125.99999999999909,110.20000000000039,110.20000000000039,110.20000000000039,0.8746031746031839,UP,True,False,156.94799999999998,154.548,155.344,152.09199999999998,33,18,150,False,False,20,73.36499999999987,62.10000000000093,197.79999999999802,,,
2026-02-05,FXCM,USDJPY,156.81199999999998,157.337,156.52599999999998,157.024,81.1000000000007,21.20000000000175,21.20000000000175,21.20000000000175,0.2614056720098837,UP,True,False,157.337,154.548,155.344,152.09199999999998,74,93,150,False,False,20,73.36499999999987,62.10000000000093,197.79999999999802,,,
2026-02-06,FXCM,USDJPY,157.024,157.26,156.50799999999998,157.17999999999998,75.20000000000095,15.599999999997749,15.599999999997749,15.599999999997749,0.20744680851060573,UP,False,True,157.337,154.548,155.344,152.09199999999998,80,112,150,False,False,20,73.36499999999987,62.10000000000093,197.79999999999802,,,
2026-02-09,FXCM,USDJPY,157.55599999999998,157.66,155.51999999999998,155.867,214.00000000000148,-131.29999999999882,131.29999999999882,168.8999999999993,0.7892523364485894,DOWN,True,True,157.66,155.51999999999998,157.337,154.548,8,14,150,False,False,20,73.36499999999987,62.10000000000093,197.79999999999802,,,
2026-02-10,FXCM,USDJPY,155.867,156.292,154.051,154.37099999999998,224.1000000000014,-149.60000000000093,149.60000000000093,149.60000000000093,0.6675591253904507,DOWN,False,True,157.66,154.051,157.337,154.548,7,11,150,False,False,20,73.36499999999987,62.10000000000093,197.79999999999802,,,
2026-02-11,FXCM,USDJPY,154.37099999999998,154.64999999999998,152.54899999999998,153.224,210.0999999999999,-114.69999999999914,114.69999999999914,114.69999999999914,0.5459305092812907,DOWN,False,True,157.66,152.54899999999998,157.337,154.548,9,17,150,False,False,20,73.36499999999987,62.10000000000093,197.79999999999802,,,
2026-02-12,FXCM,USDJPY,153.224,153.759,152.267,152.707,149.19999999999902,-51.69999999999959,51.69999999999959,51.69999999999959,0.3465147453083105,DOWN,False,True,157.66,152.267,157.337,154.548,23,48,150,False,False,20,73.36499999999987,62.10000000000093,197.79999999999802,,,
2026-02-13,FXCM,USDJPY,152.707,153.664,152.59199999999998,152.629,107.20000000000027,-7.800000000000296,7.800000000000296,7.800000000000296,0.07276119402985332,DOWN,False,False,157.66,152.267,157.337,154.548,44,131,150,False,False,20,73.36499999999987,62.10000000000093,197.79999999999802,,,
2026-02-16,FXCM,USDJPY,152.658,153.635,152.57999999999998,153.51399999999998,105.50000000000068,88.49999999999909,88.49999999999909,85.59999999999945,0.811374407582928,UP,False,True,153.635,152.57999999999998,157.66,152.267,46,24,150,False,False,20,73.36499999999987,62.10000000000093,197.79999999999802,,,
2026-02-17,FXCM,USDJPY,153.51399999999998,153.92499999999998,152.69899999999998,153.25199999999998,122.59999999999991,-26.200000000000045,26.200000000000045,26.200000000000045,0.21370309951060412,DOWN,True,False,153.92499999999998,152.57999999999998,157.66,152.267,35,81,150,False,False,20,73.36499999999987,62.10000000000093,197.79999999999802,,,
2026-02-18,FXCM,USDJPY,153.25199999999998,154.868,153.06699999999998,154.76299999999998,180.10000000000161,151.09999999999957,151.09999999999957,151.09999999999957,0.8389783453636769,UP,True,False,154.868,152.57999999999998,157.66,152.267,19,10,150,False,False,20,73.36499999999987,62.10000000000093,197.79999999999802,,,
2026-02-19,FXCM,USDJPY,154.76299999999998,155.34199999999998,154.54,154.997,80.19999999999925,23.40000000000373,23.40000000000373,23.40000000000373,0.291770573566134,UP,True,False,155.34199999999998,152.57999999999998,157.66,152.267,76,87,150,False,False,20,73.36499999999987,62.10000000000093,197.79999999999802,,,
2026-02-20,FXCM,USDJPY,154.997,155.641,154.712,155.027,92.9000000000002,2.9999999999972715,2.9999999999972715,2.9999999999972715,0.03229278794399639,UP,True,False,155.641,152.57999999999998,157.66,152.267,59,141,150,False,False,20,73.36499999999987,62.10000000000093,197.79999999999802,,,
2026-02-23,FXCM,USDJPY,154.84799999999998,155.04399999999998,153.994,154.64399999999998,104.9999999999983,-38.30000000000098,38.30000000000098,20.400000000000773,0.1942857142857248,DOWN,False,True,155.04399999999998,153.994,155.641,152.57999999999998,48,64,150,False,False,20,73.36499999999987,62.10000000000093,197.79999999999802,,,
2026-02-24,FXCM,USDJPY,154.64399999999998,156.279,154.522,155.89399999999998,175.7000000000005,125.0,125.0,125.0,0.7114399544678409,UP,True,False,156.279,153.994,155.641,152.57999999999998,20,15,150,False,False,20,73.36499999999987,62.10000000000093,197.79999999999802,,,
2026-02-25,FXCM,USDJPY,155.89399999999998,156.82299999999998,155.344,156.357,147.8999999999985,46.30000000000223,46.30000000000223,46.30000000000223,0.31304935767412234,UP,True,False,156.82299999999998,153.994,155.641,152.57999999999998,24,56,150,False,False,20,73.36499999999987,62.10000000000093,197.79999999999802,,,
2026-02-26,FXCM,USDJPY,156.357,156.43099999999998,155.69899999999998,156.09,73.19999999999993,-26.69999999999959,26.69999999999959,26.69999999999959,0.3647540983606505,DOWN,False,False,156.82299999999998,153.994,155.641,152.57999999999998,85,80,150,False,False,20,73.36499999999987,62.10000000000093,197.79999999999802,,,
2026-02-27,FXCM,USDJPY,156.09,156.231,155.53699999999998,156.004,69.40000000000168,-8.600000000001273,8.600000000001273,8.600000000001273,0.12391930835736405,DOWN,False,True,156.82299999999998,153.994,155.641,152.57999999999998,90,127,150,False,False,20,73.36499999999987,62.10000000000093,197.79999999999802,,,
2026-03-02,FXCM,USDJPY,155.944,157.75199999999998,155.944,157.349,180.79999999999927,134.4999999999999,134.4999999999999,140.5000000000001,0.7771017699115081,UP,True,False,157.75199999999998,155.944,156.82299999999998,153.994,17,13,150,False,False,20,73.36499999999987,62.10000000000093,197.79999999999802,,,
2026-03-03,FXCM,USDJPY,157.349,157.969,157.15099999999998,157.684,81.8000000000012,33.500000000000796,33.500000000000796,33.500000000000796,0.4095354523227421,UP,True,False,157.969,155.944,156.82299999999998,153.994,72,69,150,False,False,20,73.36499999999987,62.10000000000093,197.79999999999802,,,
2026-03-04,FXCM,USDJPY,157.684,157.862,156.849,157.04899999999998,101.30000000000052,-63.50000000000193,63.50000000000193,63.50000000000193,0.6268509378085054,DOWN,False,True,157.969,155.944,156.82299999999998,153.994,51,42,150,False,False,20,73.36499999999987,62.10000000000093,197.79999999999802,,,
2026-03-05,FXCM,USDJPY,157.04899999999998,157.85,156.44899999999998,157.54999999999998,140.10000000000105,50.10000000000048,50.10000000000048,50.10000000000048,0.35760171306209926,UP,False,True,157.969,155.944,156.82299999999998,153.994,26,51,150,False,False,20,73.36499999999987,62.10000000000093,197.79999999999802,,,
2026-03-06,FXCM,USDJPY,157.54999999999998,158.089,157.366,157.75,72.29999999999848,20.000000000001705,20.000000000001705,20.000000000001705,0.2766251728907625,UP,True,False,158.089,155.944,156.82299999999998,153.994,87,102,150,False,False,20,73.36499999999987,62.10000000000093,197.79999999999802,,,
2026-03-09,FXCM,USDJPY,158.045,158.89999999999998,157.625,157.64499999999998,127.49999999999773,-10.500000000001819,10.500000000001819,40.00000000000057,0.3137254901960885,DOWN,True,False,158.89999999999998,157.625,158.089,155.944,32,124,150,False,False,20,73.36499999999987,62.10000000000093,197.79999999999802,,,
2026-03-10,FXCM,USDJPY,157.64499999999998,158.134,157.272,158.036,86.19999999999948,39.100000000001955,39.100000000001955,39.100000000001955,0.45359628770304167,UP,False,True,158.89999999999998,157.272,158.089,155.944,64,62,150,False,False,20,73.36499999999987,62.10000000000093,197.79999999999802,,,
2026-03-11,FXCM,USDJPY,158.036,158.976,157.861,158.94299999999998,111.50000000000091,90.69999999999823,90.69999999999823,90.69999999999823,0.8134529147981837,UP,True,False,158.976,157.272,158.089,155.944,43,23,150,False,False,20,73.36499999999987,62.10000000000093,197.79999999999802,,,
2026-03-12,FXCM,USDJPY,158.94299999999998,159.43099999999998,158.569,159.32399999999998,86.19999999999948,38.10000000000002,38.10000000000002,38.10000000000002,0.44199535962877323,UP,True,False,159.43099999999998,157.272,158.089,155.944,64,65,150,False,False,20,73.36499999999987,62.10000000000093,197.79999999999802,,,
2026-03-13,FXCM,USDJPY,159.32399999999998,159.74599999999998,159.007,159.7,73.89999999999759,37.60000000000048,37.60000000000048,37.60000000000048,0.5087956698241096,UP,True,False,159.74599999999998,157.272,158.089,155.944,84,66,150,False,False,20,73.36499999999987,62.10000000000093,197.79999999999802,,,
2026-03-16,FXCM,USDJPY,159.524,159.743,158.849,159.05599999999998,89.40000000000055,-64.40000000000055,64.40000000000055,46.80000000000177,0.5234899328859227,DOWN,False,True,159.743,158.849,159.74599999999998,157.272,60,40,150,False,False,20,73.36499999999987,62.10000000000093,197.79999999999802,,,
2026-03-17,FXCM,USDJPY,159.05599999999998,159.497,158.721,158.983,77.60000000000105,-7.299999999997908,7.299999999997908,7.299999999997908,0.09407216494842538,DOWN,False,True,159.743,158.721,159.74599999999998,157.272,79,132,150,False,False,20,73.36499999999987,62.10000000000093,197.79999999999802,,,
2026-03-18,FXCM,USDJPY,158.983,159.90099999999998,158.569,159.807,133.19999999999936,82.39999999999839,82.39999999999839,82.39999999999839,0.6186186186186095,UP,True,True,159.90099999999998,158.569,159.74599999999998,157.272,29,27,150,False,False,20,73.36499999999987,62.10000000000093,197.79999999999802,,,
2026-03-19,FXCM,USDJPY,159.807,159.852,157.506,157.688,234.60000000000036,-211.89999999999998,211.89999999999998,211.89999999999998,0.9032395566922407,DOWN,False,True,159.90099999999998,157.506,159.74599999999998,157.272,6,4,150,False,False,20,73.36499999999987,62.10000000000093,197.79999999999802,,,
2026-03-20,FXCM,USDJPY,157.688,159.386,157.583,159.2,180.29999999999973,151.20000000000005,151.20000000000005,151.20000000000005,0.8386023294509166,UP,False,False,159.90099999999998,157.506,159.74599999999998,157.272,18,9,150,False,False,20,73.36499999999987,62.10000000000093,197.79999999999802,,,
2026-03-23,FXCM,USDJPY,159.307,159.65699999999998,158.017,158.41,163.99999999999864,-78.9999999999992,78.9999999999992,89.69999999999914,0.5469512195121944,DOWN,True,False,159.65699999999998,158.017,159.90099999999998,157.506,21,29,150,False,False,20,73.36499999999987,62.10000000000093,197.79999999999802,,,
2026-03-24,FXCM,USDJPY,158.41,159.191,158.257,158.678,93.39999999999975,26.800000000000068,26.800000000000068,26.800000000000068,0.28693790149893084,UP,False,False,159.65699999999998,158.017,159.90099999999998,157.506,56,77,150,False,False,20,73.36499999999987,62.10000000000093,197.79999999999802,,,
2026-03-25,FXCM,USDJPY,158.678,159.5,158.564,159.462,93.6000000000007,78.39999999999918,78.39999999999918,78.39999999999918,0.8376068376068225,UP,True,False,159.65699999999998,158.017,159.90099999999998,157.506,55,30,150,False,False,20,73.36499999999987,62.10000000000093,197.79999999999802,,,
2026-03-26,FXCM,USDJPY,159.462,159.849,159.285,159.785,56.399999999999295,32.30000000000075,32.30000000000075,32.30000000000075,0.5726950354610134,UP,True,False,159.849,158.017,159.90099999999998,157.506,106,71,150,False,False,20,73.36499999999987,62.10000000000093,197.79999999999802,,,
2026-03-27,FXCM,USDJPY,159.785,160.41299999999998,159.456,160.247,95.69999999999936,46.20000000000175,46.20000000000175,46.20000000000175,0.4827586206896767,UP,True,False,160.41299999999998,158.017,159.90099999999998,157.506,54,57,150,False,False,20,73.36499999999987,62.10000000000093,197.79999999999802,,,
2026-03-30,FXCM,USDJPY,160.14499999999998,160.46099999999998,159.325,159.66899999999998,113.59999999999957,-57.80000000000314,57.80000000000314,47.59999999999991,0.419014084507043,DOWN,True,True,160.46099999999998,159.325,160.41299999999998,158.017,41,44,150,False,False,20,73.36499999999987,62.10000000000093,197.79999999999802,,,
2026-03-31,FXCM,USDJPY,159.66899999999998,159.974,158.655,158.71099999999998,131.89999999999884,-95.79999999999984,95.79999999999984,95.79999999999984,0.7263078089461765,DOWN,False,True,160.46099999999998,158.655,160.41299999999998,158.017,30,21,150,False,False,20,73.36499999999987,62.10000000000093,197.79999999999802,,,
2026-04-01,FXCM,USDJPY,158.71099999999998,159.01399999999998,158.271,158.77499999999998,74.2999999999995,6.399999999999295,6.399999999999295,6.399999999999295,0.08613728129205031,UP,False,True,160.46099999999998,158.271,160.41299999999998,158.017,82,136,150,False,False,20,73.36499999999987,62.10000000000093,197.79999999999802,,,
2026-04-02,FXCM,USDJPY,158.77499999999998,159.74599999999998,158.54299999999998,159.589,120.3000000000003,81.40000000000214,81.40000000000214,81.40000000000214,0.6766417290108224,UP,True,False,160.46099999999998,158.271,160.41299999999998,158.017,36,28,150,False,False,20,73.36499999999987,62.10000000000093,197.79999999999802,,,
2026-04-03,FXCM,USDJPY,159.589,159.816,159.429,159.505,38.700000000000045,-8.400000000000318,8.400000000000318,8.400000000000318,0.21705426356589944,DOWN,True,False,160.46099999999998,158.271,160.41299999999998,158.017,140,129,150,False,False,20,73.36499999999987,62.10000000000093,197.79999999999802,,,
2026-04-06,FXCM,USDJPY,159.68699999999998,159.832,159.304,159.676,52.79999999999916,17.099999999999227,17.099999999999227,1.099999999999568,0.020833333333325484,DOWN,True,True,159.832,159.304,160.46099999999998,158.271,118,109,150,False,False,20,73.36499999999987,62.10000000000093,197.79999999999802,,,
2026-04-07,FXCM,USDJPY,159.676,160.03,159.468,159.59199999999998,56.20000000000118,-8.400000000000318,8.400000000000318,8.400000000000318,0.14946619217082102,DOWN,True,False,160.03,159.304,160.46099999999998,158.271,108,129,150,False,False,20,73.36499999999987,62.10000000000093,197.79999999999802,,,
2026-04-08,FXCM,USDJPY,159.59199999999998,159.745,157.884,158.535,186.10000000000184,-105.6999999999988,105.6999999999988,105.6999999999988,0.567974207415356,DOWN,False,True,160.03,157.884,160.46099999999998,158.271,15,20,150,False,False,20,73.36499999999987,62.10000000000093,197.79999999999802,,,
2026-04-09,FXCM,USDJPY,158.535,159.298,158.445,158.926,85.30000000000086,39.09999999999911,39.09999999999911,39.09999999999911,0.4583821805392581,UP,False,False,160.03,157.884,160.46099999999998,158.271,68,63,150,False,False,20,73.36499999999987,62.10000000000093,197.79999999999802,,,
2026-04-10,FXCM,USDJPY,158.926,159.378,158.85399999999998,159.243,52.40000000000009,31.700000000000728,31.700000000000728,31.700000000000728,0.6049618320610816,UP,True,False,160.03,157.884,160.46099999999998,158.271,119,73,150,False,False,20,73.36499999999987,62.10000000000093,197.79999999999802,,,
2026-04-13,FXCM,USDJPY,159.61,159.863,159.28799999999998,159.422,57.500000000001705,17.900000000000205,17.900000000000205,18.80000000000166,0.32695652173914963,DOWN,True,False,159.863,159.28799999999998,160.03,157.884,103,106,150,False,False,20,73.36499999999987,62.10000000000093,197.79999999999802,,,
2026-04-14,FXCM,USDJPY,159.422,159.441,158.602,158.76999999999998,83.89999999999986,-65.20000000000152,65.20000000000152,65.20000000000152,0.7771156138260027,DOWN,False,True,159.863,158.602,160.03,157.884,70,39,150,False,False,20,73.36499999999987,62.10000000000093,197.79999999999802,,,
2026-04-15,FXCM,USDJPY,158.76999999999998,159.153,158.64499999999998,158.938,50.80000000000098,16.800000000000637,16.800000000000637,16.800000000000637,0.330708661417329,UP,False,False,159.863,158.602,160.03,157.884,122,110,150,False,False,20,73.36499999999987,62.10000000000093,197.79999999999802,,,
2026-04-16,FXCM,USDJPY,158.938,159.309,158.262,159.118,104.6999999999997,18.000000000000682,18.000000000000682,18.000000000000682,0.17191977077364598,UP,True,True,159.863,158.262,160.03,157.884,49,105,150,False,False,20,73.36499999999987,62.10000000000093,197.79999999999802,,,
2026-04-17,FXCM,USDJPY,159.118,159.53099999999998,157.588,158.587,194.29999999999836,-53.10000000000059,53.10000000000059,53.10000000000059,0.27328872876994875,DOWN,True,True,159.863,157.588,160.03,157.884,12,47,150,False,False,20,73.36499999999987,62.10000000000093,197.79999999999802,,,
2026-04-20,FXCM,USDJPY,158.735,159.202,158.551,158.80599999999998,65.10000000000105,21.89999999999941,21.89999999999941,7.099999999996953,0.10906298003067341,UP,False,False,159.202,158.551,159.863,157.588,96,92,150,False,False,20,73.36499999999987,62.10000000000093,197.79999999999802,,,
2026-04-21,FXCM,USDJPY,158.80599999999998,159.63899999999998,158.708,159.32299999999998,93.09999999999832,51.69999999999959,51.69999999999959,51.69999999999959,0.555316863587546,UP,True,False,159.63899999999998,158.551,159.863,157.588,58,48,150,False,False,20,73.36499999999987,62.10000000000093,197.79999999999802,,,
2026-04-22,FXCM,USDJPY,159.32299999999998,159.57399999999998,159.101,159.438,47.29999999999848,11.50000000000091,11.50000000000091,11.50000000000091,0.24312896405922368,UP,False,False,159.63899999999998,158.551,159.863,157.588,127,119,150,False,False,20,73.36499999999987,62.10000000000093,197.79999999999802,,,
2026-04-23,FXCM,USDJPY,159.438,159.84699999999998,159.295,159.647,55.19999999999925,20.90000000000032,20.90000000000032,20.90000000000032,0.378623188405808,UP,True,False,159.84699999999998,158.551,159.863,157.588,111,95,150,False,False,20,73.36499999999987,62.10000000000093,197.79999999999802,,,
2026-04-24,FXCM,USDJPY,159.647,159.84099999999998,159.295,159.298,54.59999999999923,-34.899999999998954,34.899999999998954,34.899999999998954,0.639194139194129,DOWN,False,False,159.84699999999998,158.551,159.863,157.588,112,68,150,False,False,20,73.36499999999987,62.10000000000093,197.79999999999802,,,
2026-04-27,FXCM,USDJPY,159.55499999999998,159.59699999999998,159.093,159.41,50.39999999999907,11.199999999999477,11.199999999999477,14.499999999998181,0.2876984126983819,DOWN,False,True,159.59699999999998,159.093,159.84699999999998,158.551,123,121,150,False,False,20,73.36499999999987,62.10000000000093,197.79999999999802,,,
2026-04-28,FXCM,USDJPY,159.41,159.78699999999998,158.958,159.611,82.89999999999793,20.09999999999934,20.09999999999934,20.09999999999934,0.24246079613992572,UP,True,True,159.78699999999998,158.958,159.84699999999998,158.551,71,100,150,False,False,20,73.36499999999987,62.10000000000093,197.79999999999802,,,
2026-04-29,FXCM,USDJPY,159.611,160.47299999999998,159.48999999999998,160.435,98.30000000000041,82.40000000000123,82.40000000000123,82.40000000000123,0.8382502543235085,UP,True,False,160.47299999999998,158.958,159.84699999999998,158.551,53,26,150,False,False,20,73.36499999999987,62.10000000000093,197.79999999999802,,,
2026-04-30,FXCM,USDJPY,160.435,160.724,155.535,156.59199999999998,518.8999999999993,-384.3000000000018,384.3000000000018,384.3000000000018,0.7406051262285649,DOWN,True,True,160.724,155.535,159.84699999999998,158.551,2,2,150,False,False,20,73.36499999999987,62.10000000000093,197.79999999999802,,,
2026-05-01,FXCM,USDJPY,156.59199999999998,157.328,155.489,157.017,183.89999999999986,42.50000000000114,42.50000000000114,42.50000000000114,0.2311038607939161,UP,False,True,160.724,155.489,159.84699999999998,158.551,16,60,150,False,False,20,73.36499999999987,62.10000000000093,197.79999999999802,,,
2026-05-04,FXCM,USDJPY,156.75199999999998,157.304,155.68699999999998,157.218,161.70000000000186,20.09999999999934,20.09999999999934,46.60000000000082,0.2881880024737185,UP,False,False,157.304,155.68699999999998,160.724,155.489,22,100,150,False,False,20,73.36499999999987,62.10000000000093,197.79999999999802,,,
2026-05-05,FXCM,USDJPY,157.218,157.92,157.076,157.872,84.39999999999941,65.40000000000248,65.40000000000248,65.40000000000248,0.7748815165877125,UP,True,False,157.92,155.68699999999998,160.724,155.489,69,38,150,False,False,20,73.36499999999987,62.10000000000093,197.79999999999802,,,
2026-05-06,FXCM,USDJPY,157.872,157.935,155.025,156.329,290.99999999999966,-154.30000000000064,154.30000000000064,154.30000000000064,0.5302405498281815,DOWN,True,True,157.935,155.025,160.724,155.489,4,8,150,False,False,20,73.36499999999987,62.10000000000093,197.79999999999802,,,
2026-05-07,FXCM,USDJPY,156.329,156.955,156.023,156.874,93.20000000000164,54.49999999999875,54.49999999999875,54.49999999999875,0.5847639484978304,UP,False,False,157.935,155.025,160.724,155.489,57,46,150,False,False,20,73.36499999999987,62.10000000000093,197.79999999999802,,,
2026-05-08,FXCM,USDJPY,156.874,156.989,156.432,156.648,55.70000000000164,-22.59999999999991,22.59999999999991,22.59999999999991,0.4057450628366112,DOWN,True,False,157.935,155.025,160.724,155.489,109,91,150,False,False,20,73.36499999999987,62.10000000000093,197.79999999999802,,,
2026-05-11,FXCM,USDJPY,156.521,157.273,156.521,157.137,75.20000000000095,48.90000000000043,48.90000000000043,61.60000000000139,0.8191489361702208,UP,True,False,157.273,156.521,157.935,155.025,80,53,150,False,False,20,73.36499999999987,62.10000000000093,197.79999999999802,,,
2026-05-12,FXCM,USDJPY,157.137,157.765,156.714,157.616,105.09999999999877,47.90000000000134,47.90000000000134,47.90000000000134,0.45575642245482306,UP,True,False,157.765,156.521,157.935,155.025,47,54,150,False,False,20,73.36499999999987,62.10000000000093,197.79999999999802,,,
2026-05-13,FXCM,USDJPY,157.616,157.926,157.539,157.848,38.700000000000045,23.199999999999932,23.199999999999932,23.199999999999932,0.5994832041343645,UP,True,False,157.926,156.521,157.935,155.025,140,88,150,False,False,20,73.36499999999987,62.10000000000093,197.79999999999802,,,
2026-05-14,FXCM,USDJPY,157.848,158.422,157.286,158.362,113.59999999999957,51.39999999999816,51.39999999999816,51.39999999999816,0.4524647887323799,UP,True,True,158.422,156.521,157.935,155.025,41,50,150,False,False,20,73.36499999999987,62.10000000000093,197.79999999999802,,,
2026-05-15,FXCM,USDJPY,158.362,158.843,158.257,158.718,58.59999999999843,35.599999999999454,35.599999999999454,35.599999999999454,0.6075085324232151,UP,True,False,158.843,156.521,157.935,155.025,101,67,150,False,False,20,73.36499999999987,62.10000000000093,197.79999999999802,,,
2026-05-18,FXCM,USDJPY,158.718,159.081,158.612,158.786,46.89999999999941,6.800000000001205,6.800000000001205,6.800000000001205,0.1449893390192173,UP,True,False,159.081,158.612,158.843,156.521,129,134,150,False,False,20,73.36499999999987,62.10000000000093,197.79999999999802,,,
2026-05-19,FXCM,USDJPY,158.786,159.251,158.643,159.076,60.80000000000041,28.999999999999204,28.999999999999204,28.999999999999204,0.47697368421051,UP,True,False,159.251,158.612,158.843,156.521,100,76,150,False,False,20,73.36499999999987,62.10000000000093,197.79999999999802,,,
2026-05-20,FXCM,USDJPY,159.076,159.169,158.587,158.904,58.200000000002206,-17.199999999999704,17.199999999999704,17.199999999999704,0.2955326460480937,DOWN,False,True,159.251,158.587,158.843,156.521,102,108,150,False,False,20,73.36499999999987,62.10000000000093,197.79999999999802,,,
2026-05-21,FXCM,USDJPY,158.904,159.343,158.8,158.926,54.299999999997794,2.199999999999136,2.199999999999136,2.199999999999136,0.04051565377530802,UP,True,False,159.343,158.587,158.843,156.521,113,143,150,False,False,20,73.36499999999987,62.10000000000093,197.79999999999802,,,
2026-05-22,FXCM,USDJPY,158.926,159.23399999999998,158.87099999999998,159.176,36.299999999999955,25.0,25.0,25.0,0.6887052341597805,UP,False,False,159.343,158.587,158.843,156.521,142,83,150,False,False,20,73.36499999999987,62.10000000000093,197.79999999999802,,,
2026-05-25,FXCM,USDJPY,158.74599999999998,159.041,158.74599999999998,158.878,29.50000000000159,-29.800000000000182,29.800000000000182,13.2000000000005,0.4474576271186369,UP,False,True,159.041,158.74599999999998,159.343,158.587,147,75,150,False,False,20,73.36499999999987,62.10000000000093,197.79999999999802,,,
2026-05-26,FXCM,USDJPY,158.878,159.381,158.809,159.291,57.20000000000027,41.30000000000109,41.30000000000109,41.30000000000109,0.7220279720279876,UP,True,False,159.381,158.74599999999998,159.343,158.587,104,61,150,False,False,20,73.36499999999987,62.10000000000093,197.79999999999802,,,
2026-05-27,FXCM,USDJPY,159.291,159.57899999999998,159.176,159.498,40.29999999999916,20.699999999999363,20.699999999999363,20.699999999999363,0.5136476426798957,UP,True,False,159.57899999999998,158.74599999999998,159.343,158.587,134,98,150,False,False,20,73.36499999999987,62.10000000000093,197.79999999999802,,,
2026-05-28,FXCM,USDJPY,159.498,159.652,159.11,159.23,54.19999999999732,-26.800000000000068,26.800000000000068,26.800000000000068,0.4944649446494722,DOWN,True,True,159.652,158.74599999999998,159.343,158.587,115,77,150,False,False,20,73.36499999999987,62.10000000000093,197.79999999999802,,,
2026-05-29,FXCM,USDJPY,159.23,159.376,159.095,159.23,28.10000000000059,0.0,0.0,0.0,0.0,FLAT,False,True,159.652,158.74599999999998,159.343,158.587,149,150,150,False,False,20,73.36499999999987,62.10000000000093,197.79999999999802,,,
2026-06-01,FXCM,USDJPY,159.356,159.767,159.29399999999998,159.658,47.30000000000132,42.79999999999973,42.79999999999973,30.19999999999925,0.6384778012684653,UP,True,False,159.767,159.29399999999998,159.652,158.74599999999998,126,59,150,False,False,20,73.36499999999987,62.10000000000093,197.79999999999802,,,
2026-06-02,FXCM,USDJPY,159.658,159.988,159.569,159.908,41.900000000001114,25.0,25.0,25.0,0.596658711217168,UP,True,False,159.988,159.29399999999998,159.652,158.74599999999998,133,83,150,False,False,20,73.36499999999987,62.10000000000093,197.79999999999802,,,
2026-06-03,FXCM,USDJPY,159.908,160.09099999999998,159.366,160.064,72.49999999999659,15.600000000000591,15.600000000000591,15.600000000000591,0.21517241379312171,UP,True,True,160.09099999999998,159.29399999999998,159.652,158.74599999999998,86,111,150,False,False,20,73.36499999999987,62.10000000000093,197.79999999999802,,,
2026-06-04,FXCM,USDJPY,160.064,160.077,159.589,160.012,48.799999999999955,-5.19999999999925,5.19999999999925,5.19999999999925,0.10655737704916506,DOWN,False,False,160.09099999999998,159.29399999999998,159.652,158.74599999999998,124,138,150,False,False,20,73.36499999999987,62.10000000000093,197.79999999999802,,,
2026-06-05,FXCM,USDJPY,160.012,160.34099999999998,159.709,160.28,63.19999999999766,26.800000000000068,26.800000000000068,26.800000000000068,0.4240506329114092,UP,True,False,160.34099999999998,159.29399999999998,159.652,158.74599999999998,98,77,150,False,False,20,73.36499999999987,62.10000000000093,197.79999999999802,,,
2026-06-08,FXCM,USDJPY,160.19,160.392,159.839,160.173,55.29999999999973,-10.699999999999932,10.699999999999932,1.6999999999995907,0.030741410488238682,DOWN,True,False,160.392,159.839,160.34099999999998,159.29399999999998,110,122,150,False,False,20,73.36499999999987,62.10000000000093,197.79999999999802,,,
2026-06-09,FXCM,USDJPY,160.173,160.447,160.054,160.349,39.30000000000007,17.599999999998772,17.599999999998772,17.599999999998772,0.44783715012719444,UP,True,False,160.447,159.839,160.34099999999998,159.29399999999998,137,107,150,False,False,20,73.36499999999987,62.10000000000093,197.79999999999802,,,
2026-06-10,FXCM,USDJPY,160.349,160.57299999999998,160.238,160.53699999999998,33.499999999997954,18.799999999998818,18.799999999998818,18.799999999998818,0.5611940298507453,UP,True,False,160.57299999999998,159.839,160.34099999999998,159.29399999999998,144,104,150,False,False,20,73.36499999999987,62.10000000000093,197.79999999999802,,,
2026-06-11,FXCM,USDJPY,160.53699999999998,160.595,159.534,159.869,106.1000000000007,-66.7999999999978,66.7999999999978,66.7999999999978,0.6295947219603897,DOWN,True,True,160.595,159.534,160.34099999999998,159.29399999999998,45,37,150,False,False,20,73.36499999999987,62.10000000000093,197.79999999999802,,,
2026-06-12,FXCM,USDJPY,159.869,160.376,159.856,160.194,52.00000000000102,32.49999999999886,32.49999999999886,32.49999999999886,0.6249999999999658,UP,False,False,160.595,159.534,160.34099999999998,159.29399999999998,120,70,150,False,False,20,73.36499999999987,62.10000000000093,197.79999999999802,,,
2026-06-15,FXCM,USDJPY,160.05499999999998,160.397,159.732,160.32,66.4999999999992,12.600000000000477,12.600000000000477,26.500000000001478,0.39849624060153077,UP,True,True,160.397,159.732,160.595,159.534,95,114,150,False,False,20,73.36499999999987,62.10000000000093,197.79999999999802,,,
2026-06-16,FXCM,USDJPY,160.32,160.482,160.04899999999998,160.374,43.300000000002115,5.400000000000205,5.400000000000205,5.400000000000205,0.12471131639722727,UP,True,False,160.482,159.732,160.595,159.534,132,137,150,False,False,20,73.36499999999987,62.10000000000093,197.79999999999802,,,
2026-06-17,FXCM,USDJPY,160.374,160.796,160.117,160.624,67.9000000000002,25.0,25.0,25.0,0.36818851251840834,UP,True,False,160.796,159.732,160.595,159.534,93,83,150,False,False,20,73.36499999999987,62.10000000000093,197.79999999999802,,,
2026-06-18,FXCM,USDJPY,160.624,161.808,160.47,161.368,133.7999999999994,74.39999999999998,74.39999999999998,74.39999999999998,0.5560538116591952,UP,True,False,161.808,159.732,160.595,159.534,28,33,150,False,False,20,73.36499999999987,62.10000000000093,197.79999999999802,,,
2026-06-19,FXCM,USDJPY,161.368,161.458,160.988,161.24599999999998,46.999999999999886,-12.20000000000141,12.20000000000141,12.20000000000141,0.259574468085137,DOWN,False,False,161.808,159.732,160.595,159.534,128,118,150,False,False,20,73.36499999999987,62.10000000000093,197.79999999999802,,,
2026-06-22,FXCM,USDJPY,161.22199999999998,161.926,161.07,161.56099999999998,85.59999999999945,31.499999999999773,31.499999999999773,33.899999999999864,0.3960280373831785,UP,True,False,161.926,161.07,161.808,159.732,67,74,150,False,False,20,73.36499999999987,62.10000000000093,197.79999999999802,,,
2026-06-23,FXCM,USDJPY,161.56099999999998,161.741,161.265,161.56799999999998,47.60000000000275,0.7000000000005002,0.7000000000005002,0.7000000000005002,0.014705882352950835,UP,False,False,161.926,161.07,161.808,159.732,125,146,150,False,False,20,73.36499999999987,62.10000000000093,197.79999999999802,,,
2026-06-24,FXCM,USDJPY,161.56799999999998,161.839,161.45,161.777,38.900000000001,20.90000000000032,20.90000000000032,20.90000000000032,0.5372750642673465,UP,True,False,161.926,161.07,161.808,159.732,139,95,150,False,False,20,73.36499999999987,62.10000000000093,197.79999999999802,,,
2026-06-25,FXCM,USDJPY,161.777,161.94799999999998,161.55499999999998,161.78099999999998,39.30000000000007,0.39999999999906777,0.39999999999906777,0.39999999999906777,0.010178117048322317,UP,True,False,161.94799999999998,161.07,161.808,159.732,137,149,150,False,False,20,73.36499999999987,62.10000000000093,197.79999999999802,,,
2026-06-26,FXCM,USDJPY,161.78099999999998,161.849,161.53199999999998,161.691,31.700000000000728,-8.999999999997499,8.999999999997499,8.999999999997499,0.2839116719242048,DOWN,False,True,161.94799999999998,161.07,161.808,159.732,145,126,150,False,False,20,73.36499999999987,62.10000000000093,197.79999999999802,,,
2026-06-29,FXCM,USDJPY,161.708,161.98,161.703,161.928,27.69999999999868,23.699999999999477,23.699999999999477,21.999999999999886,0.7942238267148352,UP,True,False,161.98,161.703,161.94799999999998,161.07,150,86,150,False,False,20,73.36499999999987,62.10000000000093,197.79999999999802,,,
2026-06-30,FXCM,USDJPY,161.928,162.671,161.85299999999998,162.518,81.8000000000012,59.00000000000034,59.00000000000034,59.00000000000034,0.7212713936430253,UP,True,False,162.671,161.703,161.94799999999998,161.07,72,43,150,False,False,20,73.36499999999987,62.10000000000093,197.79999999999802,,,
2026-07-01,FXCM,USDJPY,162.518,162.837,162.295,162.569,54.20000000000016,5.099999999998772,5.099999999998772,5.099999999998772,0.09409594095938667,UP,True,False,162.837,161.703,161.94799999999998,161.07,114,139,150,False,False,20,73.36499999999987,62.10000000000093,197.79999999999802,,,
2026-07-02,FXCM,USDJPY,162.569,162.59699999999998,160.619,161.096,197.79999999999802,-147.29999999999848,147.29999999999848,147.29999999999848,0.7446916076845296,DOWN,False,True,162.837,160.619,161.94799999999998,161.07,11,12,150,False,True,20,73.36499999999987,62.10000000000093,197.79999999999802,,,
2026-07-03,FXCM,USDJPY,161.096,161.51999999999998,160.47799999999998,161.325,104.20000000000016,22.8999999999985,22.8999999999985,22.8999999999985,0.21976967370439984,UP,False,True,162.837,160.47799999999998,161.94799999999998,161.07,50,90,150,False,True,20,73.36499999999987,62.10000000000093,197.79999999999802,,,
2026-07-06,FXCM,USDJPY,161.256,162.42399999999998,161.237,162.072,118.69999999999834,74.70000000000141,74.70000000000141,81.60000000000025,0.6874473462510649,UP,True,False,162.42399999999998,161.237,162.837,160.47799999999998,37,32,150,False,True,20,73.36499999999987,62.10000000000093,197.79999999999802,,,
2026-07-07,FXCM,USDJPY,162.072,162.17999999999998,161.65099999999998,162.077,52.899999999999636,0.49999999999954525,0.49999999999954525,0.49999999999954525,0.009451795841201299,UP,False,False,162.42399999999998,161.237,162.837,160.47799999999998,116,148,150,False,True,20,73.36499999999987,62.10000000000093,197.79999999999802,,,
2026-07-08,FXCM,USDJPY,162.077,162.709,162.01999999999998,162.577,68.90000000000214,50.0,50.0,50.0,0.7256894049346655,UP,True,False,162.709,161.237,162.837,160.47799999999998,92,52,150,False,True,20,73.36499999999987,62.10000000000093,197.79999999999802,,,
2026-07-09,FXCM,USDJPY,162.577,162.607,162.24599999999998,162.34799999999998,36.10000000000184,-22.90000000000134,22.90000000000134,22.90000000000134,0.634349030470919,DOWN,False,False,162.709,161.237,162.837,160.47799999999998,143,89,150,False,True,20,73.36499999999987,62.10000000000093,197.79999999999802,,,
2026-07-10,FXCM,USDJPY,162.34799999999998,162.42399999999998,161.28,161.66299999999998,114.3999999999977,-68.50000000000023,68.50000000000023,68.50000000000023,0.5987762237762377,DOWN,False,True,162.709,161.237,162.837,160.47799999999998,39,35,150,False,True,20,73.36499999999987,62.10000000000093,197.79999999999802,,,
2026-07-13,FXCM,USDJPY,161.70499999999998,162.487,161.62,162.43099999999998,86.69999999999902,76.80000000000007,76.80000000000007,72.59999999999991,0.8373702422145413,UP,True,False,162.487,161.62,162.709,161.237,63,31,150,False,True,20,73.36499999999987,62.10000000000093,197.79999999999802,,,
2026-07-14,FXCM,USDJPY,162.43099999999998,162.47,161.595,162.238,87.5,-19.299999999998363,19.299999999998363,19.299999999998363,0.22057142857140985,DOWN,False,True,162.487,161.595,162.709,161.237,62,103,150,False,True,20,73.36499999999987,62.10000000000093,197.79999999999802,,,
2026-07-15,FXCM,USDJPY,162.238,162.422,161.893,162.17399999999998,52.899999999999636,-6.400000000002137,6.400000000002137,6.400000000002137,0.12098298676752706,DOWN,False,False,162.487,161.595,162.709,161.237,116,135,150,False,True,20,73.36499999999987,62.10000000000093,197.79999999999802,,,
2026-07-16,FXCM,USDJPY,162.17399999999998,162.547,161.98,162.382,56.70000000000073,20.800000000002683,20.800000000002683,20.800000000002683,0.3668430335097428,UP,True,False,162.547,161.595,162.709,161.237,105,97,150,False,True,20,73.36499999999987,62.10000000000093,197.79999999999802,,,
2026-07-17,FXCM,USDJPY,162.382,162.51899999999998,162.123,162.356,39.59999999999866,-2.600000000001046,2.600000000001046,2.600000000001046,0.06565656565659429,DOWN,False,False,162.547,161.595,162.709,161.237,136,142,150,False,True,20,73.36499999999987,62.10000000000093,197.79999999999802,,,
2026-07-20,FXCM,USDJPY,162.39999999999998,162.599,162.19899999999998,162.481,40.00000000000057,12.5,12.5,8.100000000001728,0.20250000000004031,UP,True,False,162.599,162.19899999999998,162.547,161.595,135,116,150,False,True,20,73.36499999999987,62.10000000000093,197.79999999999802,,,
2026-07-21,FXCM,USDJPY,162.481,163.238,162.432,163.149,80.60000000000116,66.80000000000064,66.80000000000064,66.80000000000064,0.8287841191066957,UP,True,False,163.238,162.19899999999998,162.547,161.595,75,36,150,False,True,20,73.36499999999987,62.10000000000093,197.79999999999802,,,
2026-07-22,FXCM,USDJPY,163.149,163.22799999999998,162.665,163.13799999999998,56.29999999999882,-1.1000000000024102,1.1000000000024102,1.1000000000024102,0.019538188277130254,DOWN,False,False,163.238,162.19899999999998,162.547,161.595,107,145,150,False,True,20,73.36499999999987,62.10000000000093,197.79999999999802,,,
2026-07-23,FXCM,USDJPY,163.13799999999998,163.987,162.992,163.831,99.50000000000045,69.3000000000012,69.3000000000012,69.3000000000012,0.6964824120603105,UP,True,False,163.987,162.19899999999998,162.547,161.595,52,34,150,False,True,20,73.36499999999987,62.10000000000093,197.79999999999802,,,
2026-07-24,FXCM,USDJPY,163.831,163.93699999999998,163.642,163.82399999999998,29.49999999999875,-0.7000000000005002,0.7000000000005002,0.7000000000005002,0.023728813559339996,DOWN,False,False,163.987,162.19899999999998,162.547,161.595,148,146,150,False,True,20,73.36499999999987,62.10000000000093,197.79999999999802,,,
2026-07-27,FXCM,USDJPY,163.581,163.796,163.327,163.718,46.89999999999941,-10.599999999999454,10.599999999999454,13.700000000000045,0.2921108742004311,UP,False,True,163.796,163.327,163.987,162.19899999999998,129,123,150,False,True,20,73.36499999999987,62.10000000000093,197.79999999999802,,,
2026-07-28,FXCM,USDJPY,163.718,163.95,163.64399999999998,163.844,30.60000000000116,12.600000000000477,12.600000000000477,12.600000000000477,0.4117647058823529,UP,True,False,163.95,163.327,163.987,162.19899999999998,146,114,150,False,True,20,73.36499999999987,62.10000000000093,197.79999999999802,,,
2026-07-29,FXCM,USDJPY,163.844,163.905,163.23,163.391,67.50000000000114,-45.300000000000296,45.300000000000296,45.300000000000296,0.6711111111111042,DOWN,False,True,163.95,163.23,163.987,162.19899999999998,94,58,150,False,True,20,73.36499999999987,62.10000000000093,197.79999999999802,,,
2026-07-30,FXCM,USDJPY,163.391,163.73999999999998,157.95499999999998,159.497,578.4999999999997,-389.3999999999977,389.3999999999977,389.3999999999977,0.673120138288674,DOWN,False,True,163.95,157.95499999999998,163.987,162.19899999999998,1,1,150,True,False,20,73.36499999999987,62.10000000000093,197.79999999999802,7.885231377359786,9.315619967793735,2.9246713852376414
